task	split	family	W_R	delta_bench	delta_O	delta_U	delta_R	missing_term	within_O_term	residual	matched_bench_negatives	bench_negatives	max_score_drift	delta_bench_alternate	metric_drift
phosphorylation_st	0	esm2	0.429746842461	0.0312273037802	0.0314641082108	-0.0985908115172	-0.0244265828889	-0.0558906910997	0.000236804430598	0	51426	58555			
phosphorylation_st	1	esm2	0.467187750705	0.0315975607715	0.0314980202121	-0.120266928093	-0.0394047046223	-0.0709027248344	-9.95405593263e-05	1.38777878078e-17	46490	53015			
phosphorylation_st	2	esm2	0.442140683651	0.0303734953186	0.030743323525	-0.0746006373502	-0.0158335273549	-0.0465768508798	0.000369828206401	6.93889390391e-18	50233	57200			
phosphorylation_y	0	esm2	0.251365187713	0.063912971542	0.0540993647238	-0.0744106968919	0.0217964089628	-0.0323029557611	-0.00981360681819	0	2331	6044			
phosphorylation_y	1	esm2	0.227776799859	0.0504032841632	0.0435449814489	-0.0866494307014	0.0138897148897	-0.0296552665592	-0.00685830271432	6.93889390391e-18	2370	5455			
phosphorylation_y	2	esm2	0.226218487395	0.0550119846614	0.0464239374153	-0.118806166743	0.00904583318043	-0.0373781042349	-0.00858804724605	6.93889390391e-18	2403	5941			
acetylation_k	0	esm2	0.823247527186	0.0359083639793	0.0384041714501	-0.195591494421	-0.15423218185	-0.1926363533	0.00249580747072	0	2877	4669			
acetylation_k	1	esm2	0.817584576656	0.0176008683603	0.0200423568554	-0.199279707848	-0.159271980567	-0.179314337422	0.00244148849513	2.77555756156e-17	2971	4777			
acetylation_k	2	esm2	0.805474734279	0.0206264861939	0.0233440214275	-0.278011061218	-0.219389883691	-0.242733905118	0.00271753523357	2.77555756156e-17	3276	5376			
methylation_k	0	esm2	0.922866043614	0.109344998608	0.108944652115	-0.297933614686	-0.2665494842	-0.375494136315	-0.000400346492274	1.11022302463e-16	619	3984			
methylation_k	1	esm2	0.950975359343	0.041784434473	0.0487732966424	-0.248668343213	-0.234086373703	-0.282859670345	0.00698886216945	5.55111512313e-17	382	2402			
methylation_k	2	esm2	0.950600470472	0.0663200024635	0.0609028974485	-0.261575134103	-0.245644871061	-0.306547768509	-0.00541710501504	0	399	2869			
methylation_r	0	esm2	0.88875128999	0.0862197528649	0.0792066454003	-0.302132074686	-0.259708633999	-0.3389152794	-0.00701310746459	0	539	1892			
methylation_r	1	esm2	0.948477263246	0.0584212314453	0.0297772599299	-0.232784447913	-0.219256550158	-0.249033810088	-0.0286439715154	0	247	1002			
methylation_r	2	esm2	0.927169734979	0.0664365195615	0.0774962462462	-0.213650352042	-0.192446068129	-0.269942314375	0.0110597266847	0	360	1408			
sumoylation_k	0	esm2	0.772867533613	0.0328932851822	0.0329156672841	-0.108082574829	-0.0760572963414	-0.108972963625	2.2382101936e-05	2.77555756156e-17	4122	5140			
sumoylation_k	1	esm2	0.726961071767	0.0182937810937	0.0179994464481	-0.0977786197647	-0.066166700653	-0.0841661471012	-0.000294334645526	1.38777878078e-17	6053	7586			
sumoylation_k	2	esm2	0.803816466552	0.0556291144017	0.0554677872159	-0.0841388836803	-0.056750353691	-0.112218140907	-0.000161327185774	0	3660	4496			
ubiquitination_k	0	esm2	0.605711209949	0.0464556552722	0.0464556620275	-0.0558900779161	-0.0155362999469	-0.0619919619744	6.75530308081e-09	6.93889390391e-18	13918	13918	3.36000000001e-06	0.0464556620275	6.75530308081e-09
ubiquitination_k	1	esm2	0.639564977974	0.0465169209508	0.0465169889591	-0.0401874167127	-0.00893611234461	-0.0554531013037	6.80082328369e-08	6.93889390391e-18	13091	13091	7.028e-05	0.0465169889591	6.80082328369e-08
ubiquitination_k	2	esm2	0.599105132663	0.0428100720778	0.0428100985564	-0.0448341827768	-0.00969804023887	-0.0525081387952	2.6478578212e-08	6.93889390391e-18	14067	14067	5.882e-05	0.0428100985564	2.6478578205e-08
glycosylation_n	0	esm2	0.940557729941	0.0183715442289	0.0267464277902	-0.0337781556964	-0.0301804370596	-0.0569268648498	0.00837488356134	6.93889390391e-18	243	473			
glycosylation_n	1	esm2	0.811406661874	0.0106657179924	0.0084527593784	-0.118630173274	-0.0946631787859	-0.103115938164	-0.00221295861397	1.38777878078e-17	787	1649			
glycosylation_n	2	esm2	0.827966101695	0.0131696701416	0.0121143711838	-0.0929687865701	-0.0748909212955	-0.0870052924793	-0.00105529895784	1.38777878078e-17	609	1296			
