task	split	n_rebuilt_proteins	n_prediction_proteins	n_negative_proteins	n_neg_depth_zero	n_positive	n_negative	n_reference_proteins	covered_reference_negative_mass
phosphorylation_st	0	13347	1343	1342	0	18886	90181	20408	0.0745613238162
phosphorylation_st	1	13347	1250	1249	0	17279	87254	20408	0.0722944456033
phosphorylation_st	2	13347	1328	1326	0	18590	90046	20408	0.0744508507516
phosphorylation_y	0	4784	500	490	0	1150	5860	19977	0.0305430754543
phosphorylation_y	1	4784	469	457	0	1178	5681	19977	0.0299237278566
phosphorylation_y	2	4784	493	485	0	1145	5950	19977	0.0307346968105
ubiquitination_k	0	11652	1202	1195	0	10636	35299	20295	0.0647141861915
ubiquitination_k	1	11652	1114	1110	0	10109	36320	20295	0.0665860008067
ubiquitination_k	2	11652	1162	1157	0	10739	35089	20295	0.0643291900414
sumoylation_k	0	6353	629	628	0	3742	18148	20295	0.0369050009223
sumoylation_k	1	6353	649	649	0	4235	22169	20295	0.0451677774568
sumoylation_k	2	6353	604	603	0	3636	18656	20295	0.0377635984049
acetylation_k	0	6745	678	678	0	3170	16277	20295	0.0427567839245
acetylation_k	1	6745	650	647	0	3283	16287	20295	0.0426565866004
acetylation_k	2	6745	689	685	0	3522	16841	20295	0.0447898199519
methylation_k	0	5684	601	596	0	1644	8025	20404	0.0424938912047
methylation_k	1	5684	541	538	0	1465	7792	20404	0.0409449730994
methylation_k	2	5684	570	565	0	1562	8077	20404	0.0418340943564
methylation_r	0	3824	396	388	0	1037	4845	20341	0.0272523128015
methylation_r	1	3824	364	362	0	893	4794	20341	0.0273234759231
methylation_r	2	3824	385	377	0	962	4943	20341	0.0277710128884
glycosylation_n	0	2977	313	310	0	809	4088	20123	0.0208347916521
glycosylation_n	1	2977	305	303	0	883	4173	20123	0.0218797812022
glycosylation_n	2	2977	266	263	0	707	3540	20123	0.0184323156768
