task	d_min	n_reference_proteins	n_retained_proteins	retained_protein_pct	negative_mass	W
phosphorylation_st	0	20408	20408	100	1375901	0.605095860821
phosphorylation_st	1	20408	13495	66.1260290082	1035591	0.475324717963
phosphorylation_st	2	20408	11653	57.1001568013	929714	0.415574036747
phosphorylation_st	3	20408	10280	50.3724029792	847688	0.359022423344
phosphorylation_st	4	20408	9186	45.0117600941	781320	0.304575590027
phosphorylation_st	5	20408	8289	40.6164249314	724945	0.250496244543
phosphorylation_st	6	20408	7503	36.76499412	674215	0.194101288165
phosphorylation_st	7	20408	6861	33.6191689534	636945	0.14694518365
phosphorylation_st	8	20408	6325	30.992747942	603612	0.0998373127108
phosphorylation_st	9	20408	5829	28.5623284986	574753	0.0546391232408
phosphorylation_st	10	20408	5353	26.2299098393	543349	0
phosphorylation_y	0	19977	19977	100	292243	0.64247561105
phosphorylation_y	1	19977	13346	66.806827852	215628	0.515443263398
phosphorylation_y	2	19977	11534	57.7363968564	190927	0.452754194011
phosphorylation_y	3	19977	10184	50.9786254192	172420	0.394014615474
phosphorylation_y	4	19977	9107	45.5874255394	157241	0.335516818133
phosphorylation_y	5	19977	8219	41.1423136607	144877	0.278808920671
phosphorylation_y	6	19977	7444	37.2628522801	133869	0.219505636107
phosphorylation_y	7	19977	6810	34.089202583	125444	0.167086508721
phosphorylation_y	8	19977	6284	31.4561746008	117905	0.113828930071
phosphorylation_y	9	19977	5793	28.9983481003	111425	0.0622930222123
phosphorylation_y	10	19977	5325	26.6556540021	104484	0
ubiquitination_k	0	20295	20295	100	545460	0.75013199868
ubiquitination_k	1	20295	11652	57.4131559497	350835	0.611518235068
ubiquitination_k	2	20295	9721	47.8984971668	296565	0.540427899449
ubiquitination_k	3	20295	8430	41.5373244642	262784	0.481349701656
ubiquitination_k	4	20295	7392	36.4227642276	235079	0.420224690423
ubiquitination_k	5	20295	6548	32.2641044592	212532	0.358717746034
ubiquitination_k	6	20295	5822	28.6868686869	192115	0.290565546678
ubiquitination_k	7	20295	5221	25.7255481646	176614	0.228300134757
ubiquitination_k	8	20295	4642	22.8726287263	161757	0.157421317161
ubiquitination_k	9	20295	4209	20.7390983001	148339	0.0812058865167
ubiquitination_k	10	20295	3737	18.4134023158	136293	0
sumoylation_k	0	20295	20295	100	612627	0.912868678658
sumoylation_k	1	20295	6353	31.3032766691	241882	0.779318014569
sumoylation_k	2	20295	4563	22.4833702882	176195	0.69704588666
sumoylation_k	3	20295	3605	17.7629958118	138245	0.613881153025
sumoylation_k	4	20295	2923	14.4025622074	113523	0.529795724214
sumoylation_k	5	20295	2432	11.9832471052	96114	0.444628253948
sumoylation_k	6	20295	2097	10.332594235	86119	0.380171622987
sumoylation_k	7	20295	1794	8.83961566888	76149	0.299019028484
sumoylation_k	8	20295	1564	7.70633160877	66668	0.19933101338
sumoylation_k	9	20295	1364	6.72086720867	58840	0.0928110129164
sumoylation_k	10	20295	1203	5.92756836659	53379	0
acetylation_k	0	20295	20295	100	618779	0.920871587433
acetylation_k	1	20295	6745	33.2347868933	266900	0.816549269389
acetylation_k	2	20295	4520	22.2714954422	186022	0.736789196977
acetylation_k	3	20295	3419	16.8465139197	144345	0.660791852853
acetylation_k	4	20295	2714	13.3727519093	118409	0.5864925808
acetylation_k	5	20295	2145	10.5691056911	97696	0.498822879135
acetylation_k	6	20295	1766	8.70165065287	82942	0.409671818861
acetylation_k	7	20295	1463	7.20867208672	71701	0.317122494805
acetylation_k	8	20295	1212	5.9719142646	62266	0.213647897729
acetylation_k	9	20295	1045	5.14905149051	55451	0.117004201908
acetylation_k	10	20295	886	4.36560729244	48963	0
methylation_k	0	20404	20404	100	1277666	0.97355490402
methylation_k	1	20404	5684	27.8572828857	528832	0.936108253661
methylation_k	2	20404	3266	16.0066653597	337341	0.899840221023
methylation_k	3	20404	1927	9.44422662223	220062	0.846461451773
methylation_k	4	20404	1160	5.68515977259	148944	0.773149640133
methylation_k	5	20404	781	3.82768084689	108829	0.689531283022
methylation_k	6	20404	570	2.79356988826	84205	0.598741167389
methylation_k	7	20404	427	2.09272691629	66019	0.488207940138
methylation_k	8	20404	317	1.55361693786	50568	0.331830406581
methylation_k	9	20404	235	1.15173495393	39259	0.139356580657
methylation_k	10	20404	192	0.94099196236	33788	0
methylation_r	0	20341	20341	100	632350	0.976685379932
methylation_r	1	20341	5679	27.9189813677	247563	0.940447482055
methylation_r	2	20341	3262	16.0365763728	156546	0.905823208514
methylation_r	3	20341	1926	9.46856103436	101237	0.854371425467
methylation_r	4	20341	1160	5.70276780886	68038	0.783312266675
methylation_r	5	20341	781	3.83953591269	48960	0.698876633987
methylation_r	6	20341	570	2.80222211297	37879	0.610786979593
methylation_r	7	20341	427	2.09920849516	29215	0.49536197159
methylation_r	8	20341	317	1.55842878915	22332	0.339826258284
methylation_r	9	20341	235	1.15530209921	17283	0.146965225945
methylation_r	10	20341	192	0.943906395949	14743	0
glycosylation_n	0	20123	20123	100	400004	0.977252727473
glycosylation_n	1	20123	2977	14.7940167967	81608	0.888503578081
glycosylation_n	2	20123	1500	7.45415693485	48774	0.813445688277
glycosylation_n	3	20123	951	4.7259354967	35376	0.742791723202
glycosylation_n	4	20123	631	3.13571535059	27051	0.66363535544
glycosylation_n	5	20123	418	2.07722506585	20671	0.559818102656
glycosylation_n	6	20123	300	1.49083138697	17348	0.475501498732
glycosylation_n	7	20123	220	1.09327635044	14489	0.372006349645
glycosylation_n	8	20123	169	0.83983501466	12615	0.278715814507
glycosylation_n	9	20123	133	0.660935248223	10677	0.147794324248
glycosylation_n	10	20123	105	0.52179098544	9099	0
