threshold	seed	bench	truth	resid	naive	cond_lo	cond_hi	slope	lin	quad	curv	lin_err	quad_err	naive_err	lin_upper	quad_upper	w_unobs	n_obs	viol	naive_valid	cond_valid	naive_excl_bench	cond_excl_bench	naive_excl_zero	cond_excl_zero
0	0	0.021711827374843784	0.021711827374843784	1.5959455978986625e-16	0.021711827374843624	0.021711827374843624	0.021711827374843624	0.0	0.021711827374843624	0.021711827374843624	0.0	1.5959455978986625e-16	1.5959455978986625e-16	1.5959455978986625e-16	1	1	0.0	7	0.1389149680750983	1	1	1	1	0	0
0	1	0.016742900151337614	0.016742900151337614	1.3877787807814457e-17	0.0167429001513376	0.0167429001513376	0.0167429001513376	0.0	0.0167429001513376	0.0167429001513376	0.0	1.3877787807814457e-17	1.3877787807814457e-17	1.3877787807814457e-17	1	1	0.0	7	0.19576794012757837	1	1	1	1	0	0
0	2	0.03123335111154546	0.03123335111154546	1.942890293094024e-16	0.031233351111545654	0.031233351111545654	0.031233351111545654	0.0	0.031233351111545654	0.031233351111545654	0.0	1.942890293094024e-16	1.942890293094024e-16	1.942890293094024e-16	1	1	0.0	7	0.24356317223327384	1	1	0	0	0	0
0	3	0.011774790415574499	0.011774790415574499	7.806255641895632e-17	0.011774790415574577	0.011774790415574577	0.011774790415574577	0.0	0.011774790415574577	0.011774790415574577	0.0	7.806255641895632e-17	7.806255641895632e-17	7.806255641895632e-17	1	1	0.0	7	0.21223352462596434	1	1	0	0	0	0
0	4	0.027428287216880287	0.027428287216880287	3.122502256758253e-17	0.027428287216880256	0.027428287216880256	0.027428287216880256	0.0	0.027428287216880256	0.027428287216880256	0.0	3.122502256758253e-17	3.122502256758253e-17	3.122502256758253e-17	1	1	0.0	7	0.17347799435933964	1	1	1	1	0	0
0	5	0.023061213606143882	0.023061213606143882	2.7755575615628914e-17	0.023061213606143854	0.023061213606143854	0.023061213606143854	0.0	0.023061213606143854	0.023061213606143854	0.0	2.7755575615628914e-17	2.7755575615628914e-17	2.7755575615628914e-17	1	1	0.0	7	0.12523005886208272	1	1	1	1	0	0
0	6	0.00868842824502769	0.00868842824502769	1.734723475976807e-17	0.008688428245027708	0.008688428245027708	0.008688428245027708	0.0	0.008688428245027708	0.008688428245027708	0.0	1.734723475976807e-17	1.734723475976807e-17	1.734723475976807e-17	1	1	0.0	7	0.1424140109051908	1	1	0	0	0	0
0	7	0.02787437196800069	0.02787437196800069	6.245004513516506e-17	0.02787437196800075	0.02787437196800075	0.02787437196800075	0.0	0.02787437196800075	0.02787437196800075	0.0	6.245004513516506e-17	6.245004513516506e-17	6.245004513516506e-17	1	1	0.0	7	0.26196359775315625	1	1	0	0	0	0
0	8	0.023356186666725454	0.023356186666725454	6.938893903907228e-17	0.023356186666725523	0.023356186666725523	0.023356186666725523	0.0	0.023356186666725523	0.023356186666725523	0.0	6.938893903907228e-17	6.938893903907228e-17	6.938893903907228e-17	1	1	0.0	7	0.18489736897548348	1	1	0	0	0	0
0	9	-0.0012472547254726019	-0.0012472547254726019	9.497611030973019e-17	-0.0012472547254725069	-0.0012472547254725069	-0.0012472547254725069	0.0	-0.0012472547254725069	-0.0012472547254725069	0.0	9.497611030973019e-17	9.497611030973019e-17	9.497611030973019e-17	1	1	0.0	7	0.14352135201845062	1	1	0	0	1	1
0	10	0.008365331010246835	0.008365331010246835	1.6479873021779667e-16	0.00836533101024667	0.00836533101024667	0.00836533101024667	0.0	0.00836533101024667	0.00836533101024667	0.0	1.6479873021779667e-16	1.6479873021779667e-16	1.6479873021779667e-16	1	1	0.0	7	0.13515052403640393	1	1	1	1	0	0
0	11	0.034059338742041145	0.034059338742041145	3.469446951953614e-17	0.03405933874204118	0.03405933874204118	0.03405933874204118	0.0	0.03405933874204118	0.03405933874204118	0.0	3.469446951953614e-17	3.469446951953614e-17	3.469446951953614e-17	1	1	0.0	7	0.20039979112690554	1	1	0	0	0	0
0	12	0.027423062246630714	0.027423062246630714	6.245004513516506e-17	0.027423062246630776	0.027423062246630776	0.027423062246630776	0.0	0.027423062246630776	0.027423062246630776	0.0	6.245004513516506e-17	6.245004513516506e-17	6.245004513516506e-17	1	1	0.0	7	0.191809917414677	1	1	0	0	0	0
0	13	0.02401964020223124	0.02401964020223124	2.1510571102112408e-16	0.024019640202231456	0.024019640202231456	0.024019640202231456	0.0	0.024019640202231456	0.024019640202231456	0.0	2.1510571102112408e-16	2.1510571102112408e-16	2.1510571102112408e-16	1	1	0.0	7	0.21057953280366304	1	1	0	0	0	0
0	14	0.010154967468944953	0.010154967468944953	1.1275702593849246e-16	0.01015496746894484	0.01015496746894484	0.01015496746894484	0.0	0.01015496746894484	0.01015496746894484	0.0	1.1275702593849246e-16	1.1275702593849246e-16	1.1275702593849246e-16	1	1	0.0	7	0.17720221326869323	1	1	1	1	0	0
0	15	0.03109321494961348	0.03109321494961348	8.326672684688674e-17	0.031093214949613562	0.031093214949613562	0.031093214949613562	0.0	0.031093214949613562	0.031093214949613562	0.0	8.326672684688674e-17	8.326672684688674e-17	8.326672684688674e-17	1	1	0.0	7	0.24611830828927572	1	1	0	0	0	0
0	16	0.022196106611200972	0.022196106611200972	2.1510571102112408e-16	0.022196106611200757	0.022196106611200757	0.022196106611200757	0.0	0.022196106611200757	0.022196106611200757	0.0	2.1510571102112408e-16	2.1510571102112408e-16	2.1510571102112408e-16	1	1	0.0	7	0.14611245749551716	1	1	1	1	0	0
0	17	0.01402262048611691	0.01402262048611691	1.8735013540549517e-16	0.014022620486117097	0.014022620486117097	0.014022620486117097	0.0	0.014022620486117097	0.014022620486117097	0.0	1.8735013540549517e-16	1.8735013540549517e-16	1.8735013540549517e-16	1	1	0.0	7	0.13777943997990905	1	1	0	0	0	0
0	18	0.0023139188332841343	0.0023139188332841343	1.457167719820518e-16	0.00231391883328428	0.00231391883328428	0.00231391883328428	0.0	0.00231391883328428	0.00231391883328428	0.0	1.457167719820518e-16	1.457167719820518e-16	1.457167719820518e-16	1	1	0.0	7	0.15113076842920214	1	1	0	0	0	0
0	19	0.028037929844557885	0.028037929844557885	7.979727989493313e-17	0.028037929844557965	0.028037929844557965	0.028037929844557965	0.0	0.028037929844557965	0.028037929844557965	0.0	7.979727989493313e-17	7.979727989493313e-17	7.979727989493313e-17	1	1	0.0	7	0.11679311105193724	1	1	0	0	0	0
2	0	0.013734852315169577	0.02106645007787733	3.469446951953614e-18	0.02042869848364126	0.02042869848364126	0.02353387873744142	-0.0358856534074518	0.02116614776737008	0.027136628938709894	0.017494168650245244	9.969768949275037e-05	0.006070178860832564	0.000637751594236069	1	1	0.12645856188291613	5	0.08632611337596341	0	1	0	0	0	0
2	1	-0.0041333168264299225	0.0043821392023351	1.4224732503009818e-16	0.0035055585985042017	0.0035055585985042034	0.009277567621845171	-0.0564916458565563	0.009381726673924576	0.0059846797511842135	-0.008728170464767737	0.004999587471589476	0.0016025405488491132	0.0008765806038308985	1	1	0.14778423902145577	5	0.13105404266123788	0	1	0	0	0	0
2	2	0.021602155206002505	0.039394365266901654	2.7755575615628914e-17	0.028935587652371697	0.028935587652371697	0.03686542265018139	-0.06589824073869993	0.040770264629015236	0.02550114313991733	-0.03281700367989295	0.001375899362113582	0.013893222126984323	0.010458777614529957	1	0	0.1792836398838335	5	0.14029227882855444	0	0	0	0	0	0
2	3	0.01662142420315449	0.029141079677685977	1.214306433183765e-16	0.02683396583455583	0.02683396583455583	0.03264822339141832	-0.052100410046198226	0.030306333614212	0.02757699235902542	-0.00639054729679158	0.0011652539365260214	0.0015640873186605585	0.0023071138431301486	1	0	0.1560120240480962	5	0.15669410666266148	0	1	0	0	0	0
2	4	0.009918246307844769	0.01986926191157623	9.020562075079397e-17	0.016884687700686248	0.016884687700686248	0.02220787682555045	-0.05460537180654706	0.022812641677623122	0.019939387515123315	-0.007317141294851727	0.002943379766046892	7.012560354708458e-05	0.002984574210889983	1	1	0.14102690450379424	5	0.11229042981516846	0	1	0	0	0	0
2	5	0.0170693870731784	0.02753946215338232	5.551115123125783e-17	0.026876034267528503	0.0268760342675285	0.031807679534103725	-0.05199806293960659	0.029983214193298746	0.034752308979415156	0.012739598546902958	0.0024437520399164248	0.007212846826032834	0.0006634278858538185	1	1	0.15956315840340196	5	0.1097951600081819	0	1	0	0	0	0
2	6	0.012348768779248398	0.01981928701601865	1.0408340855860843e-16	0.015623104943947006	0.015623104943947006	0.0190366473654998	-0.03329232290445292	0.02034412474094889	0.019195840934179226	-0.002935719791850131	0.0005248377249302411	0.0006234460818394238	0.0041961820720716435	1	0	0.14006229316721822	5	0.07298833349973866	0	0	0	0	0	0
2	7	0.009464979133017803	0.02190420103922064	6.938893903907228e-18	0.01726852952618812	0.01726852952618812	0.02342771952061693	-0.05925740476886499	0.024095507213134533	0.018169059968749474	-0.014011810304453472	0.002191306173913894	0.0037351410704711645	0.00463567151303252	1	0	0.14859765425803162	5	0.14294973148171042	0	1	0	0	0	0
2	8	0.005492301840104186	0.01756814110479199	0.0	0.013578501174488979	0.013578501174488977	0.021535960962537452	-0.062396395791903474	0.023745641593211242	0.014635258148285034	-0.01912211545253913	0.006177500488419252	0.0029328829565069565	0.003989639930303011	1	0	0.17875362608782636	5	0.1282590388957957	0	1	0	0	0	0
2	9	0.017201504020268876	0.023760486048604812	4.85722573273506e-17	0.021303649198116194	0.021303649198116194	0.024502585812533416	-0.03917003028561077	0.024743728088983452	0.021893272384271897	-0.009434638248921969	0.0009832420403786402	0.0018672136643329146	0.0024568368504886175	1	0	0.12090000000000001	5	0.09424056687892601	0	1	0	0	0	0
2	10	0.004886324527864749	0.011799389953045192	1.249000902703301e-16	0.004016887673035417	0.004016887673035417	0.005457285739834956	-0.01879399418861776	0.008476419819900348	0.010640554292305683	0.007519677688915168	0.003322970133144844	0.0011588356607395087	0.007782502280009775	0	0	0.12126902549911049	5	0.054057544344501385	0	0	1	0	0	0
2	11	0.026501391515235007	0.03704934316839337	1.3877787807814457e-16	0.03361009168902676	0.03361009168902676	0.04040979794403171	-0.0577764153698657	0.04289847480794641	0.031227536006872662	-0.025894648549302356	0.005849131639553043	0.005821807161520705	0.0034392514793666062	1	0	0.17295502565650467	5	0.1343931007852891	0	1	0	0	0	0
2	12	0.018714053483629978	0.031642258144508606	7.632783294297951e-17	0.023950362182457746	0.023950362182457746	0.029714025381455143	-0.05847433327122698	0.03247393472601627	0.024546736952585635	-0.022256492527170567	0.0008316765815076649	0.007095521191922971	0.00769189596205086	1	0	0.1578999309187802	5	0.12941778577565466	0	0	0	0	0	0
2	13	0.010131189143602226	0.019718503227577955	4.163336342344337e-17	0.017684677993592475	0.017684677993592475	0.023802180434450725	-0.05257227152610972	0.02496277536800099	0.0179560873677799	-0.016762583666055274	0.0052442721404230355	0.0017624158597980555	0.00203382523398548	1	0	0.17660437061208345	5	0.12628494590733497	0	1	0	0	0	0
2	14	0.007725504591270416	0.01642169981869379	1.3877787807814457e-16	0.011358451218072739	0.011358451218072739	0.013338305574410556	-0.025255916013037037	0.012459280547194713	0.007918893246626684	-0.01398311025597495	0.0039624192714990784	0.008502806572067107	0.005063248600621052	0	0	0.10294117647058823	5	0.09158182822093774	0	0	0	0	0	0
2	15	0.002874292755482899	0.008316792632814596	2.3592239273284576e-16	0.013028950056623776	0.013028950056623776	0.019254010779119902	-0.05900824546647651	0.017775640192681103	0.01912449122219515	0.0035840459775414992	0.009458847559866507	0.010807698589380556	0.00471215742380918	1	1	0.16133450738675276	5	0.15767254307383338	1	0	0	0	0	0
2	16	0.01855870837929241	0.023316053224631372	1.214306433183765e-16	0.02327518426204616	0.02327518426204616	0.02677753855651825	-0.05026325127811897	0.027417159996709645	0.025632411304995172	-0.006524616154512721	0.004101106772078273	0.0023163580803638	4.086896258521239e-05	1	1	0.10917165874819251	5	0.11609248300653097	0	1	0	0	0	0
2	17	0.003447440671624502	0.009998348314411265	1.43982048506075e-16	0.008802408599903864	0.008802408599903864	0.011379903069731882	-0.0390358303754703	0.010337362554777062	0.008078616939597022	-0.008778296548883853	0.00033901424036579704	0.001919731374814243	0.0011959397145074012	1	0	0.11011787819253438	5	0.10003215383244735	0	1	0	0	0	0
2	18	0.005704329747789227	0.013493124426707359	1.960237527853792e-16	0.010442005145544216	0.010442005145544216	0.014056401396169382	-0.0507801328702334	0.014059576523604227	0.02081987205116189	0.027120688587408067	0.0005664520968968675	0.007326747624454531	0.003051119281163143	1	1	0.10497346176528405	5	0.08123549387051021	0	1	0	0	0	0
2	19	0.019812968621013893	0.02892113068006552	1.0408340855860843e-16	0.024768347185953644	0.024768347185953644	0.028217811558404336	-0.04274572605723106	0.029428463701545657	0.029398068921899917	-9.227419742726264e-05	0.0005073330214801358	0.0004769382418343959	0.004152783494111877	1	1	0.1328250401284109	5	0.07652978304019431	0	0	0	0	0	0
5	0	-0.006180852488386845	0.007260379693720842	1.3964523981613297e-16	-0.004645698590176777	-0.004645698590176777	-0.0012744994699075548	-0.00850364312934197	-0.0017144506050274038	0.018054004560442143	0.021623960749864255	0.008974830298748246	0.0107936248667213	0.01190607828389762	0	1	0.4028124065024434	3	0.010523673986860604	0	0	0	0	1	1
5	1	-0.006239735911574562	0.01120734113143973	1.5612511283791264e-16	-0.0028368775144533166	-0.0028368775144533166	0.008422123051114958	-0.0261641953367831	0.008621276573659119	0.0004535568351418037	-0.008198381096296288	0.0025860645577806107	0.010753784296297926	0.014044218645893046	0	0	0.4333266492881492	3	0.03504553525780507	0	0	0	0	1	0
5	2	-0.00826953838974509	0.012717590333540696	8.673617379884035e-17	-0.001075254024153119	-0.001075254024153119	0.021818436039924106	-0.0494991198849237	0.021839743405791902	0.020886664964142786	-0.0008652359104418638	0.009122153072251206	0.00816907463060209	0.013792844357693814	1	1	0.4383349467570184	3	0.059976384212987344	0	1	0	0	1	0
5	3	0.0024211208838861298	0.02194058167095614	2.7755575615628914e-17	0.006127102987274282	0.006127102987274282	0.019863647612182296	-0.030095555164485203	0.02189116471659934	-0.035886567325724046	-0.0518068334541012	4.941695435679849e-05	0.057827148996680185	0.015813478683681857	0	0	0.4508016032064128	3	0.05028073955104018	0	0	0	0	0	0
5	4	0.0035784934916438527	0.014681988063937945	8.500145032286355e-17	0.00951343807655551	0.009513438076555508	0.024676385588100327	-0.03864177927403242	0.02404832590896843	0.04359494303462243	0.02051576243791033	0.009366337845030485	0.028912954970684482	0.005168549987382436	1	1	0.3928254656548734	3	0.04389561407874476	0	1	0	0	0	0
5	5	-0.0044885293477560095	0.00704542480692949	7.112366251504909e-17	0.0013290435284358183	0.0013290435284358183	0.01250347342560052	-0.025004153980049994	0.010926611867445027	0.06436353131004863	0.050790049492307796	0.0038811870605155365	0.05731810650311914	0.005716381278493672	1	1	0.44631294094906737	3	0.02923774812320945	0	1	0	0	0	0
5	6	-0.002611096231799226	0.004551459159331195	3.122502256758253e-17	-0.0007519504732919624	-0.0007519504732919624	0.004243892820561779	-0.01161177478172435	0.004178542729430527	0.006161869476025896	0.0019197544425127201	0.00037291642990066806	0.0016104103166947013	0.005303409632623157	0	1	0.4194082149114269	3	0.01405952618500772	0	0	0	0	1	0
5	7	-0.03823691976711796	-0.028339236288280056	1.0408340855860843e-17	-0.03643876215112218	-0.03643876215112218	-0.030630367548470372	-0.013297774079323692	-0.030548624423207136	-0.03383537890647251	-0.0031001313024111806	0.0022093881349270796	0.005496142618192451	0.00809952586284212	0	0	0.42957674655787864	3	0.017013598614284198	0	0	0	0	1	1
5	8	-0.013193961753016459	-0.004635270707395112	1.4051260155412137e-16	-0.0032816696752026022	-0.0032816696752026014	0.028983115455023897	-0.06623751041987123	0.028919673761957428	0.03240937894161843	0.003013044396952674	0.03355494446935254	0.03704464964901354	0.0013536010321925094	1	1	0.45113534060218063	3	0.07833282120341101	1	0	0	0	1	0
5	9	0.004116232681642296	0.016416021602160158	4.5102810375396984e-17	0.009410158236078577	0.009410158236078579	0.024446634550462212	-0.03457592903657383	0.024461525017460347	0.0240366937641083	-0.0004212799039082676	0.008045503415300189	0.007620672161948141	0.007005863366081581	1	1	0.4501	3	0.04394200786140823	0	1	0	0	0	0
5	10	-0.02577092715395657	-0.021048040309971205	1.214306433183765e-16	-0.025211063082625038	-0.025679151074399265	-0.025211063082625038	0.0011789060400805543	-0.026404019944466374	0.0002272064670373556	0.0313364581256166	0.0053559796344951685	0.02127524677700856	0.004163022772653832	0	1	0.42597351255188776	3	0.0053564944301544015	0	0	0	0	1	1
5	11	-0.003952405810134563	0.014665735670762903	3.8163916471489756e-17	0.00219017417142232	0.00219017417142232	0.020882573969697192	-0.0393684165247014	0.021034537363673472	0.014403040408272972	-0.005872962371564794	0.0063688016929105695	0.0002626952624899311	0.012475561499340582	1	0	0.44682563638192974	3	0.047502839430973665	0	1	0	0	0	0
5	12	-0.0012857144026079403	0.018025816802501926	1.0755285551056204e-16	0.007484018228981868	0.007484018228981869	0.03086224923650449	-0.04811826545228505	0.030849975989384118	0.031248446814666583	0.00035393640812747616	0.012824159186882192	0.013222630012164657	0.01054179857352006	1	1	0.49955590644429093	3	0.06111179994575522	0	1	0	0	0	0
5	13	-0.015218355913561687	-0.0032256862619223226	1.1188966420050406e-16	-0.008756983571319134	-0.008756983571319134	0.013650255722155821	-0.04843589398268773	0.0131169606816085	0.04660922059594262	0.03252607407283117	0.016342646943530822	0.049834906857864944	0.005531297309396811	1	1	0.43261149016117867	3	0.04491165944905395	0	1	0	0	1	0
5	14	0.0021189047764469393	0.011837549819874393	8.153200337090993e-17	0.004134322327357687	0.004134322327357687	0.010573954458767246	-0.019347663849028616	0.010689348799099958	0.006331130316721907	-0.005444315338956159	0.0011482010207744357	0.005506419503152486	0.007703227492516706	0	0	0.3212348769294952	3	0.025567680172979834	0	0	0	0	0	0
5	15	-0.008323658751099305	0.00833409769102822	4.85722573273506e-17	-0.004271835235095943	-0.004271835235095943	0.013255158870659162	-0.03877977239720066	0.014494093656429514	-0.04096597191073259	-0.05477061830793666	0.006159995965401295	0.04930006960176081	0.012605932926124162	1	0	0.44379219254476077	3	0.07504185342781955	0	1	0	0	1	0
5	16	0.007553856679640147	0.015460446203776956	4.85722573273506e-17	0.010715560616488807	0.010715560616488807	0.021600798685553216	-0.03235136866239953	0.021749822952761316	0.01547467703919847	-0.008462131761079551	0.00628937674898436	1.423083542151371e-05	0.0047448855872881494	1	1	0.34910142532534594	3	0.043515312446221865	0	1	0	0	0	0
5	17	0.007843254345739958	0.01789117782568639	1.0408340855860843e-16	0.01323988344759502	0.01323988344759502	0.029012312232622475	-0.042636197523403974	0.028806291921982752	0.03598560320683835	0.008811238982024946	0.010915114096296363	0.01809442538115196	0.004651294378091369	1	1	0.3785854616895874	3	0.04759321950800144	0	1	0	0	0	0
5	18	-0.004985992279523677	0.014624333958369484	1.1622647289044608e-16	-0.0019248039095280428	-0.0019248039095280428	0.004085974808096032	-0.015083863113905954	0.003142046967756103	0.05546334744681823	0.06396924802949046	0.01148228699061338	0.04083901348844875	0.016549137867897527	0	1	0.4390603499115392	3	0.0189156412634075	0	0	0	0	1	0
5	19	0.009162173655665407	0.022876870480652012	7.632783294297951e-17	0.011978548239366952	0.011978548239366952	0.01960026706663907	-0.02106183711075298	0.019496574961173168	0.023163314537793127	0.004439489409240191	0.003380295519478844	0.00028644405714111504	0.01089832224128506	0	1	0.3453049759229534	3	0.023147020288732945	0	0	0	0	0	0
10	0	-0.05549713321187433	-0.04971987500109154	1.3877787807814457e-17	-0.06121949328693215	-0.10342796530491445	-0.06121949328693215	0.049252422889620166	-0.1034279653049145	nan	nan	0.05370809030382295	nan	0.011499618285840611	0	0	0.7512715667697217	2	0.0	0	0	1	1	1	1
10	1	-0.06521432517391912	-0.06766869265984532	5.551115123125783e-17	-0.0679392716996608	-0.09461872987201173	-0.0679392716996608	0.029997441001094874	-0.0946187298720117	nan	nan	0.026950037212166378	nan	0.00027057903981547726	0	0	0.7533587327050331	2	0.0	0	0	1	1	1	1
10	2	-0.06269124259409353	-0.07752353867313999	1.5265566588595902e-16	-0.06768718930014933	-0.11002326127408475	-0.06768718930014933	0.04609693774881089	-0.11002326127408472	nan	nan	0.03249972260094473	nan	0.00983634937299066	0	0	0.7513068731848984	2	0.0	1	1	1	1	1	1
10	3	-0.013172797026236305	-0.013220801444965624	1.1622647289044608e-16	-0.014095801415627975	-0.02243806099924934	-0.014095801415627973	0.00925032599161154	-0.02243806099924936	nan	nan	0.009217259554283735	nan	0.0008749999706623504	0	0	0.7014028056112225	2	0.0	0	0	1	1	1	1
10	4	-0.014443279529630426	-0.009901158879801808	1.3877787807814457e-16	-0.011823658914244552	-0.011823658914244552	0.00814674796845066	-0.024613892482214062	0.008146747968450656	nan	nan	0.018047906848252464	nan	0.0019225000344427444	1	0	0.7122302158273381	2	0.01691325245164821	0	1	0	0	1	0
10	5	-0.07571949309924364	-0.06731656006875719	8.326672684688674e-17	-0.08113698836534569	-0.11915993416761969	-0.08113698836534569	0.042628614551777196	-0.11915993416761958	nan	nan	0.05184337409886239	nan	0.0138204282965885	0	0	0.7311297960761574	2	0.0	0	0	1	1	1	1
10	6	-0.056100877032780216	-0.054161562654016504	6.938893903907228e-17	-0.05236979478789759	-0.05236979478789759	-0.012694097358354797	-0.046977676713387984	-0.01269409735835481	nan	nan	0.04146746529566169	nan	0.0017917678661189124	1	0	0.6977808059178509	2	0.031384971300525644	1	0	0	0	1	1
10	7	-0.10109914141485854	-0.10908542747927519	1.1102230246251565e-16	-0.11345715162990719	-0.19114000169684664	-0.11345715162990719	0.08812098823558764	-0.19114000169684656	nan	nan	0.08205457421757137	nan	0.004371724150632	0	0	0.757062723100459	2	0.0	0	0	1	1	1	1
10	8	-0.006109512275172091	-0.0035147137201098078	9.627715291671279e-17	-0.008216359250475109	-0.027019650209261864	-0.008216359250475109	0.019295027315095054	-0.02701965020926184	nan	nan	0.023504936489152032	nan	0.004701645530365301	0	0	0.7673301990597179	2	0.0	0	0	1	1	1	1
10	9	-0.025637479635814087	-0.0171585958595859	1.2836953722228372e-16	-0.026068451309416703	-0.030023108002503206	-0.026068451309416703	0.004623504855322323	-0.030023108002503185	nan	nan	0.012864512142917284	nan	0.008909855449830802	0	0	0.7324999999999999	2	0.0	0	0	1	1	1	1
10	10	-0.06408060947495642	-0.08339885755273402	4.163336342344337e-17	-0.07178667316521012	-0.15741229887946237	-0.07178667316521012	0.1059818901371747	-0.15741229887946248	nan	nan	0.07401344132672846	nan	0.0116121843875239	0	0	0.7194109507807868	2	0.0	1	1	1	1	1	1
10	11	-0.05503782562300774	-0.07900788384150681	8.326672684688674e-17	-0.05865973481718082	-0.08849855154015256	-0.05865973481718082	0.03229277161785322	-0.08849855154015254	nan	nan	0.009490667698645733	nan	0.02034814902432599	0	0	0.7393097897172753	2	0.0	1	1	1	1	1	1
10	12	-0.0578952585445911	-0.0815879975928917	1.8041124150158794e-16	-0.0617568304721479	-0.09732586491420286	-0.0617568304721479	0.036781389342717415	-0.09732586491420278	nan	nan	0.015737867321311078	nan	0.0198311671207438	0	0	0.7627553537945327	2	0.0	1	1	1	1	1	1
10	13	-0.08694580267689755	-0.116202340549041	2.7755575615628914e-17	-0.09541958710075747	-0.2244567806146175	-0.09541958710075747	0.141583139730062	-0.2244567806146172	nan	nan	0.10825444006557622	nan	0.020782753448283522	0	0	0.7601107485414813	2	0.0	1	1	1	1	1	1
10	14	-0.0285743678717002	-0.03115368376263472	4.85722573273506e-17	-0.032043176906829125	-0.05983503715552366	-0.032043176906829125	0.037218566009541536	-0.05983503715552363	nan	nan	0.02868135339288891	nan	0.0008894931441944046	0	0	0.6854401335002086	2	0.0	0	0	1	1	1	1
10	15	-0.019485635878164653	-0.03928132032090803	6.938893903907228e-17	-0.016822848096373442	-0.016822848096373442	0.02558671366024296	-0.04635622609162233	0.025586713660243007	nan	nan	0.06486803398115104	nan	0.02245847222453459	1	0	0.7526660796399569	2	0.030946635396270183	1	0	0	0	1	0
10	16	-0.02177741122974397	-0.04179046451049129	0.0	-0.02068903988641639	-0.02068903988641639	-0.009074508115969722	-0.015020658008688192	-0.00907450811596974	nan	nan	0.032715956394521545	nan	0.021101424624074896	1	0	0.7274323486882874	2	0.009725184402899933	1	0	0	0	1	1
10	17	-0.01367760610735902	-0.009446853756280738	4.336808689942018e-17	-0.012276919338170687	-0.012276919338170687	0.0009431749403454662	-0.017420947722411123	0.000943174940345435	nan	nan	0.010390028696626172	nan	0.002830065581889949	1	0	0.7013752455795678	2	0.01072624580164172	0	1	0	0	1	0
10	18	-0.04906812952822681	-0.07004181116410368	1.8041124150158794e-16	-0.05123120148199243	-0.08633374048540718	-0.05123120148199243	0.03976324910099059	-0.08633374048540701	nan	nan	0.016291929321303328	nan	0.018810609682111255	0	0	0.750245724395518	2	0.0	1	1	1	1	1	1
10	19	-0.0037269971692369674	-0.008933010171092604	6.765421556309548e-17	-0.004535622965257812	-0.012964127418916126	-0.0045356229652578125	0.01145119674783302	-0.012964127418916126	nan	nan	0.004031117247823523	nan	0.004397387205834792	0	0	0.6455658105939004	2	0.0	1	1	1	1	1	1
20	0	-0.14657752820106873	-0.18803254829471938	1.1102230246251565e-16	-0.14657752820106873	-0.9445066867843918	0.9254444451593601	nan	nan	nan	nan	nan	nan	0.04145502009365065	0	0	0.9349755659718759	1	0.0	1	1	0	0	1	0
20	1	-0.03568127065044158	-0.07330330657665429	2.7755575615628914e-17	-0.03568127065044158	-0.9546555560392076	0.951299928219866	nan	nan	nan	nan	nan	nan	0.037622035926212716	0	0	0.9529777421295368	1	0.0	1	1	0	0	1	0
20	2	-0.06380242395722058	-0.181315564432053	1.1102230246251565e-16	-0.06380242395722058	-0.9440819066390712	0.9364602037191089	nan	nan	nan	nan	nan	nan	0.11751314047483241	0	0	0.94027105517909	1	0.0	1	1	0	0	1	0
20	3	-0.024530527562736437	-0.05639824488231959	9.71445146547012e-17	-0.024530527562736437	-0.9337306310308152	0.9303976254822109	nan	nan	nan	nan	nan	nan	0.031867717319583155	0	0	0.9320641282565131	1	0.0	1	1	0	0	1	0
20	4	-0.19842696281972316	-0.14884456134298774	1.942890293094024e-16	-0.19842696281972316	-0.9498375008761727	0.9250023532679094	nan	nan	nan	nan	nan	nan	0.04958240147673543	0	0	0.937419927072041	1	0.0	0	1	0	0	1	0
20	5	-0.22310130984543963	-0.15003215545146853	2.7755575615628914e-17	-0.22310130984543963	-0.9403078710087103	0.9060243992145429	nan	nan	nan	nan	nan	nan	0.0730691543939711	0	0	0.9231661351116266	1	0.0	0	1	0	0	1	0
20	6	-0.1543308070314373	-0.11905647482447745	4.163336342344337e-17	-0.1543308070314373	-0.9564571731477156	0.9405644347946631	nan	nan	nan	nan	nan	nan	0.03527433220695986	0	0	0.9485108039711894	1	0.0	0	1	0	0	1	0
20	7	-0.12158442928244173	-0.18884501108912422	8.326672684688674e-17	-0.12158442928244174	-0.9387214431034361	0.9217579041683641	nan	nan	nan	nan	nan	nan	0.06726058180668247	0	0	0.9302396736359001	1	0.0	1	1	1	0	1	0
20	8	-0.05394428160292797	-0.1623929450128414	0.0	-0.05394428160292797	-0.9438820605172088	0.937482348805588	nan	nan	nan	nan	nan	nan	0.10844866340991344	0	0	0.9406822046613984	1	0.0	1	1	0	0	1	0
20	9	-0.13643849109961914	-0.14862736273627364	8.326672684688674e-17	-0.13643849109961914	-0.9575991299129912	0.9442008700870087	nan	nan	nan	nan	nan	nan	0.012188871636654497	0	0	0.9509	1	0.0	1	1	0	0	1	0
20	10	-0.18612516517660505	-0.18872043420571394	8.326672684688674e-17	-0.18612516517660505	-0.9595395293619127	0.9410337064554426	nan	nan	nan	nan	nan	nan	0.002595269029108893	0	0	0.9502866179086776	1	0.0	1	1	0	0	1	0
20	11	-0.03827365696720442	-0.08534322853046394	2.0816681711721685e-16	-0.03827365696720442	-0.933136844447564	0.9278149615691379	nan	nan	nan	nan	nan	nan	0.04706957156325953	0	0	0.9304759030083509	1	0.0	1	1	0	0	1	0
20	12	-0.05988050435845482	-0.20318802604670272	5.551115123125783e-17	-0.05988050435845483	-0.9521265508979535	0.9460279936594334	nan	nan	nan	nan	nan	nan	0.1433075216882479	0	0	0.9490772722786934	1	0.0	1	1	1	0	1	0
20	13	-0.07586938153078593	-0.15199915276324572	8.326672684688674e-17	-0.07586938153078593	-0.9694789254851461	0.9644674801313871	nan	nan	nan	nan	nan	nan	0.07612977123245979	0	0	0.9669732028082666	1	0.0	1	1	0	0	1	0
20	14	-0.042927394523060824	-0.18862920129022231	1.942890293094024e-16	-0.042927394523060824	-0.9361153037645764	0.9303844876413476	nan	nan	nan	nan	nan	nan	0.1457018067671615	0	0	0.933249895702962	1	0.0	1	1	0	0	1	0
20	15	0.010520112456747444	-0.20206737354466298	5.551115123125783e-17	0.010520112456747444	-0.9714274227081499	0.9720223375892769	nan	nan	nan	nan	nan	nan	0.21258748600141042	0	0	0.9717248801487134	1	0.0	1	1	0	0	0	0
20	16	-0.16547920034168273	-0.23473867941147375	2.220446049250313e-16	-0.16547920034168273	-0.9650056347179015	0.9511273956477253	nan	nan	nan	nan	nan	nan	0.06925947906979102	0	0	0.9580665151828134	1	0.0	1	1	0	0	1	0
20	17	-0.10246519200100057	-0.15803743349792243	8.326672684688674e-17	-0.10246519200100056	-0.9500977700071283	0.9387038017021054	nan	nan	nan	nan	nan	nan	0.05557224149692187	0	0	0.9444007858546168	1	0.0	1	1	0	0	1	0
20	18	-0.24900926782924238	-0.1952286094181721	8.326672684688674e-17	-0.24900926782924238	-0.9735743383018348	0.9560501948218135	nan	nan	nan	nan	nan	nan	0.05378065841107027	0	0	0.9648122665618242	1	0.0	0	1	0	0	1	0
20	19	-0.0580042823402237	-0.13768238602398464	0.0	-0.058004282340223694	-0.9358331568728944	0.9279308880709256	nan	nan	nan	nan	nan	nan	0.07967810368376094	0	0	0.93188202247191	1	0.0	1	1	0	0	1	0
