rule	stratum	n	share_zero_neg	mean_neg	neg_per_pos
random	1-1	714	0.000000	103.975	103.974790
random	2-2	469	0.000000	104.107	52.053305
random	3-4	799	0.000000	104.034	30.019140
random	5-9	1650	0.000000	104.509	15.166227
random	10-24	3106	0.000000	103.774	6.409923
random	25-49	2896	0.000000	103.591	2.895753
random	50-99	3426	0.000000	103.791	1.450243
random	100-249	3822	0.000000	102.997	0.657668
random	250+	1858	0.000000	101.024	0.203039
ddb	1-1	714	0.000000	39.889	39.889356
ddb	2-2	469	0.000000	40.691	20.345416
ddb	3-4	799	0.000000	41.232	11.897436
ddb	5-9	1650	0.000000	43.040	6.245910
ddb	10-24	3106	0.000000	46.730	2.886427
ddb	25-49	2896	0.000000	53.783	1.503427
ddb	50-99	3426	0.000000	69.011	0.964269
ddb	100-249	3822	0.000000	112.249	0.716746
ddb	250+	1858	0.000000	441.348	0.887024
